sample_id,src_info,archive,scene_path,target_type,target_id,other_type,other_id,target_class_name,other_class_name,ts,ax,ay,az,bx,by,bz,avx,avy,bvx,bvy,theta_a,theta_b,rel_x_local,rel_y_local,rel_vx_local,rel_vy_local,dist_xy,theta_local,heading_diff,closing_speed,interaction_zone,motion_relation,direction_relation,label_a,label_b,nearest_signal_ts,f1,f2,f3,f1_state,f2_state,f3_state
2243,20231122_113201/011,imptc_set_05.tar.gz,0254_20231122_113201,vrus,011,vehicles,1090,person,car,1700652771640023,4.222971136977332,8.015964911418427,1.3219392420519112,4.955537316193032,7.271078165084555,0.8564965873855755,0.503070722338267,-0.5283959902603131,-1.1209647644933485,-1.099155677936722,-0.8099459073779729,-2.3660175541413118,1.0446160668383349,0.016933537662275122,-0.7064609156851743,-1.569767772052331,1.0447533066683983,0.016208878270032544,-1.5560716467633389,0.7318111748746051,front,approaching,crossing_direction,crosswalk,crosswalk,1700652771480017,10,4,10,red,green,red
2142,20231122_102026/009,imptc_set_05.tar.gz,0239_20231122_102026,vrus,009,vehicles,1019,person,car,1700648486160005,9.089815388288013,14.647691289194684,2.366542549896341,8.466585015329324,13.76587801549054,0.9450863894378723,0.002975484620740683,-0.6224287584279904,-6.263773772562687,5.054419820688561,-1.566015921142229,2.4626410542979706,0.8788239153516623,-0.6274386609582026,-5.706741204251656,-6.239540116893474,1.079819775452852,-0.62002890694485,-2.2545283317393867,1.0189588837813566,front,approaching,crossing_direction,crosswalk,crosswalk,1700648486480017,4,10,4,green,red,green
